Fault_code,Explanation,Severity,Cause,mibFaultCode,mibFaultName,moClass
F0156, This fault typically occurs when Cisco FPR Manager detects a server in a chassis slot that does not match what was previously equipped in the slot. ,warning,server-moved,156,fltFabricComputeSlotEpMisplacedInChassisSlot,fabric:ComputeSlotEp
F0157, This fault typically occurs when Cisco FPR Manager encountered a problem identifying the server in a chassis slot. ,warning,server-identification-problem,157,fltFabricComputeSlotEpServerIdentificationProblem,fabric:ComputeSlotEp
F0169, This fault typically occurs when Cisco FPR Manager could not place the vNIC on the vCon. ,minor,configuration-failed,169,fltVnicEtherConfigFailed,vnic:Ether
F0174, This fault occurs in the unlikely event that processor is inoperable. ,major,equipment-inoperable,174,fltProcessorUnitInoperable,processor:Unit
F0175," This fault occurs when the processor temperature on a blade or rack server exceeds a non-critical threshold value, but is still below the critical threshold. Be aware of the following possible contributing factors: ",info,thermal-problem,175,fltProcessorUnitThermalNonCritical,processor:Unit
F0176, This fault occurs when the processor temperature on a blade or rack server exceeds a critical threshold value. Be aware of the following possible contributing factors: ,major,thermal-problem,176,fltProcessorUnitThermalThresholdCritical,processor:Unit
F0177," This fault occurs when the processor temperature on a blade or rack server has been out of the operating range, and the issue is not recoverable. Be aware of the following possible contributing factors: ",minor,thermal-problem,177,fltProcessorUnitThermalThresholdNonRecoverable,processor:Unit
F0178," This fault occurs when the processor voltage is out of normal operating range, but hasn’t yet reached a critical stage. Normally the processor recovers itself from this situation ",minor,voltage-problem,178,fltProcessorUnitVoltageThresholdNonCritical,processor:Unit
F0179, This fault occurs when the processor voltage has exceeded the specified hardware voltage rating. ,major,voltage-problem,179,fltProcessorUnitVoltageThresholdCritical,processor:Unit
F0180, This fault occurs when the processor voltage has exceeded the specified hardware voltage rating and may cause processor hardware damage or jeopardy. ,critical,voltage-problem,180,fltProcessorUnitVoltageThresholdNonRecoverable,processor:Unit
F0181, This fault occurs when the local disk has become inoperable. ,major,equipment-inoperable,181,fltStorageLocalDiskInoperable,storage:LocalDisk
F0182, This fault occurs when the partition disk usage exceeds 70% but is less than 90%. ,minor,capacity-exceeded,182,fltStorageItemCapacityExceeded,storage:Item
F0183, This fault occurs when the partition disk usage exceeds 90%. ,critical,capacity-exceeded,183,fltStorageItemCapacityWarning,storage:Item
F0184, This fault occurs when a DIMM is in a degraded operability state. This state typically occurs when an excessive number of correctable ECC errors are reported on the DIMM by the server BIOS. ,minor,equipment-degraded,184,fltMemoryUnitDegraded,memory:Unit
F0185, This fault typically occurs because an above threshold number of correctable or uncorrectable errors has occurred on a DIMM. The DIMM may be inoperable. ,major,equipment-inoperable,185,fltMemoryUnitInoperable,memory:Unit
F0186," This fault occurs when the temperature of a memory unit on a blade or rack server exceeds a non-critical threshold value, but is still below the critical threshold. Be aware of the following possible contributing factors: ",info,thermal-problem,186,fltMemoryUnitThermalThresholdNonCritical,memory:Unit
F0187, This fault occurs when the temperature of a memory unit on a blade or rack server exceeds a critical threshold value. Be aware of the following possible contributing factors: ,major,thermal-problem,187,fltMemoryUnitThermalThresholdCritical,memory:Unit
F0188," This fault occurs when the temperature of a memory unit on a blade or rack server has been out of the operating range, and the issue is not recoverable.Be aware of the following possible contributing factors: ",critical,thermal-problem,188,fltMemoryUnitThermalThresholdNonRecoverable,memory:Unit
F0189," This fault occurs when the memory array voltage is out of normal operating range, but hasn’t yet reached a critical stage. Typically the memory array recovers itself from this situation. ",minor,voltage-problem,189,fltMemoryArrayVoltageThresholdNonCritical,memory:Array
F0190, This fault occurs when the memory array voltage exceeds the specified hardware voltage rating ,major,voltage-problem,190,fltMemoryArrayVoltageThresholdCritical,memory:Array
F0191, This fault occurs when the memory array voltage exceeded the specified hardware voltage rating and potentially memory hardware may be in damage or jeopardy ,critical,voltage-problem,191,fltMemoryArrayVoltageThresholdNonRecoverable,memory:Array
F0200," This fault typically occurs because Cisco FPR Manager has detected an unsupported adapter. For example, the model, vendor, or revision is not recognized. ",major,unidentifiable-fru,200,fltAdaptorUnitUnidentifiableFru,adaptor:Unit
F0203, The adaptor is missing. Cisco FPR Manager raises this fault when any of the following scenarios occur: ,warning,equipment-missing,203,fltAdaptorUnitMissing,adaptor:Unit
F0206, Cisco FPR Manager cannot access the adapter. This fault typically occurs as a result of one of the following issues: ,info,connectivity-problem,206,fltAdaptorUnitAdaptorReachability,adaptor:Unit
F0207, This fault typically occurs as a result of one of the following issues: ,major,link-down,207,fltAdaptorHostIfLinkDown,adaptor:HostIf
F0209, The link for a network facing adapter interface is down. Cisco FPR Manager raises this fault when any of the following scenarios occur: ,critical,link-down,209,fltAdaptorExtIfLinkDown,adaptor:ExtIf
F0276, This fault occurs when a fabric interconnect port is in link-down state. This state impacts the traffic destined for the port. ,major,link-down,276,fltPortPIoLinkDown,port:PIo
F0277, This fault is raised on fabric interconnect ports and on server-facing ports on an IOM or a FEX module when FPRM detects that the port is not up and in failed state while it is expected to be up since it has been enabled by user and there is no known hardware failure or missing SFP issue and port license is valid. Additional reason is displayed by the fault description string. ,major,port-failed,277,fltPortPIoFailed,port:PIo
F0278, This fault is raised on fabric interconnect ports and server-facing ports on an IOM or a FEX module when the system detects a hardware failure. ,major,port-failed,278,fltPortPIoHardwareFailure,port:PIo
F0279," When a fabric interconnect port is not in an unconfigured state, an SFP is required for its operation. This fault is raised to indicate that the SFP is missing from a configured port. ",info,port-failed,279,fltPortPIoSfpNotPresent,port:PIo
F0282, This fault typically occurs when a fabric interconnect reports that a fabric port channel is operationally down. ,major,operational-state-down,282,fltFabricExternalPcDown,fabric:ExternalPc
F0283, This fault typically occurs when a fabric interconnect reports one of the following connectivity states for a virtual interface: ,major,link-down,283,fltDcxVcDown,dcx:Vc
F0291," This fault typically occurs when the fabric interconnect cluster controller reports that the membership state of the fabric interconnect is down, indicating that the fabric interconnect is inoperable. ",critical,equipment-inoperable,291,fltNetworkElementInoperable,network:Element
F0293, This fault occurs when one of the cluster links (either L1 or L2) of a fabric interconnect is not operationally up. This issue impacts the full HA functionality of the fabric interconnect cluster. ,major,link-down,293,fltMgmtEntityDegraded,mgmt:Entity
F0294, This fault occurs when both cluster links (L1 and L2) of the fabric interconnects are in a link-down state. This issue impacts the full HA functionality of the fabric interconnect cluster. ,critical,link-down,294,fltMgmtEntityDown,mgmt:Entity
F0304, The adapter’s vif-namespace activation failed due to insufficient resources. Cisco FPR Manager raises this fault when the number of deployed VIF resources exceeds the maximum VIF resources available on the adapter connected to the fabric interconnect. ,major,insufficient-resources,304,fltDcxNsFailed,dcx:Ns
F0305," This fault typically occurs because Cisco FPR Manager has detected that the server has an insufficient number of DIMMs, CPUs, and/or adapters. ",minor,insufficiently-equipped,305,fltComputePhysicalInsufficientlyEquipped,compute:Physical
F0306, This fault typically occurs because Cisco FPR Manager has detected an unsupported server or CPU. ,minor,identity-unestablishable,306,fltComputePhysicalIdentityUnestablishable,compute:Physical
F0310, This fault typically occurs when the server power sensors have detected a problem. ,major,power-problem,310,fltComputeBoardPowerError,compute:Board
F0311, This fault typically occurs when the server power sensors have detected a problem. ,major,power-problem,311,fltComputePhysicalPowerProblem,compute:Physical
F0312, This fault typically occurs when the server thermal sensors have detected a problem. ,minor,thermal-problem,312,fltComputePhysicalThermalProblem,compute:Physical
F0313, This fault typically occurs when the server has encountered a diagnostic failure. ,critical,equipment-inoperable,313,fltComputePhysicalBiosPostTimeout,compute:Physical
F0314, This fault typically occurs for one of the following reasons: ,major,discovery-failed,314,fltComputePhysicalDiscoveryFailed,compute:Physical
F0315, This fault typically occurs for one of the following reasons: ,critical,association-failed,315,fltComputePhysicalAssociationFailed,compute:Physical
F0317, This fault typically occurs when the server has encountered a diagnostic failure. ,major,equipment-inoperable,317,fltComputePhysicalInoperable,compute:Physical
F0318," This fault typically occurs when the server, which is not associated with a service profile, was previously physically inserted in the slot, but cannot be detected by Cisco FPR Manager. ",minor,equipment-missing,318,fltComputePhysicalUnassignedMissing,compute:Physical
F0319," This fault typically occurs when the server, which is associated with a service profile, was previously physically inserted in the slot, but cannot be detected by Cisco FPR Manager. ",major,equipment-missing,319,fltComputePhysicalAssignedMissing,compute:Physical
F0320, This fault typically occurs because Cisco FPR Manager has detected an unsupported server or CPU. ,minor,identity-unestablishable,320,fltComputePhysicalUnidentified,compute:Physical
F0321," This fault typically occurs when the server, which is not associated with a service profile, has lost connection to the fabric interconnects. This fault occurs if there are communication issues between the server CIMC and the fabric interconnects. ",warning,equipment-inaccessible,321,fltComputePhysicalUnassignedInaccessible,compute:Physical
F0322," This fault typically occurs when the server, which is associated with a service profile, has lost connection to the fabric interconnects. This fault occurs if there are communication issues between the server CIMC and the fabric interconnects. ",minor,equipment-inaccessible,322,fltComputePhysicalAssignedInaccessible,compute:Physical
F0324, Server has failed. This fault typically occurs if the adapter power on self-test results in major and critical errors. ,major,server-failed,324,fltLsServerFailed,ls:Server
F0326," The shallow discovery that occurs when the server associated with service profile fails. If the server is up and the data path is working, this fault typically occurs as a result of one of the following issues: ",major,discovery-failed,326,fltLsServerDiscoveryFailed,ls:Server
F0327," The named configuration qualifier is not available. This fault typically occurs because Cisco FPR Manager cannot successfully deploy the service profile due to a lack of resources that meet the named qualifier. For example, this fault can occur if the following occurs: ",major,configuration-failure,327,fltLsServerConfigFailure,ls:Server
F0329, Cisco FPR Manager currently does not use this fault. ,major,maintenance-failed,329,fltLsServerMaintenanceFailed,ls:Server
F0330, Cisco FPR Manager cannot access the server associated with the service profile. This fault typically occurs as a result of one of the following issues: ,major,equipment-removed,330,fltLsServerRemoved,ls:Server
F0331, Cisco FPR Manager cannot communicate with the CIMC on the server. This fault typically occurs as a result of one of the following issues: ,major,server-inaccessible,331,fltLsServerInaccessible,ls:Server
F0332, The service profile could not be associated with the server. This fault typically occurs because Cisco FPR Manager cannot communicate with one or more of the following: ,major,association-failed,332,fltLsServerAssociationFailed,ls:Server
F0334, The service profile has not yet been associated with a server or a server pool. This fault typically occurs as a result of one of the following issues: ,warning,unassociated,334,fltLsServerUnassociated,ls:Server
F0337, The server no longer meets the qualification requirements of the service profile. This fault typically occurs as a result of one of the following issues: ,warning,server-failed,337,fltLsServerServerUnfulfilled,ls:Server
F0367," This fault is raised when an I/O module fabric port, which links the I/O module port and the fabric interconnect, is not functional ",major,satellite-connection-absent,367,fltEtherSwitchIntFIoSatelliteConnectionAbsent,ether:SwitchIntFIo
F0368, This fault typically occurs as a result of a satellite wiring problem on the network-facing interface of an I/O module and Cisco FPR Manager detects that at least one IOM uplink is misconnected to one of the fabric interconnect ports. ,info,satellite-mis-connected,368,fltEtherSwitchIntFIoSatelliteWiringProblem,ether:SwitchIntFIo
F0369," This fault typically occurs when Cisco FPR Manager detects a problem with a power supply unit in a chassis, fabric interconnect or a FEX. For example, the PSU is not functional. ",major,power-problem,369,fltEquipmentPsuPowerSupplyProblem,equipment:Psu
F0371," This fault occurs when one or more fans in a fan module are not operational, but at least one fan is operational. ",minor,equipment-degraded,371,fltEquipmentFanDegraded,equipment:Fan
F0373, This fault occurs if a fan is not operational. ,major,equipment-inoperable,373,fltEquipmentFanInoperable,equipment:Fan
F0374," This fault typically occurs when Cisco FPR Manager detects a problem with a power supply unit in a chassis, fabric interconnect or a FEX. For example, the PSU is not functional. ",major,equipment-inoperable,374,fltEquipmentPsuInoperable,equipment:Psu
F0376," This fault typically occurs because an I/O module is removed from the chassis. In a cluster configuration, the chassis fails over to the other I/O module. For a standalone configuration, the chassis associated with the I/O module loses network connectivity. This is a critical fault because it can result in the loss of network connectivity and disrupt data traffic through the I/O module. ",critical,equipment-removed,376,fltEquipmentIOCardRemoved,equipment:IOCard
F0377, This fault occurs if a fan Module slot is not equipped or removed from its slot ,warning,equipment-missing,377,fltEquipmentFanModuleMissing,equipment:FanModule
F0378," This fault typically occurs when Cisco FPR Manager detects a problem with a power supply unit in a chassis, fabric interconnect, or a FEX. For example, the PSU is missing. ",warning,equipment-missing,378,fltEquipmentPsuMissing,equipment:Psu
F0379, This fault occurs when there is a thermal problem on an I/O module. Be aware of the following possible contributing factors: ,major,thermal-problem,379,fltEquipmentIOCardThermalProblem,equipment:IOCard
F0380," This fault occurs when the temperature of a fan module has exceeded a non-critical threshold value, but is still below the critical threshold. Be aware of the following possible contributing factors: ",minor,thermal-problem,380,fltEquipmentFanModuleThermalThresholdNonCritical,equipment:FanModule
F0381," This fault occurs when the temperature of a PSU module has exceeded a non-critical threshold value, but is still below the critical threshold. Be aware of the following possible contributing factors: ",minor,thermal-problem,381,fltEquipmentPsuThermalThresholdNonCritical,equipment:Psu
F0382, This fault occurs when the temperature of a fan module has exceeded a critical threshold value. Be aware of the following possible contributing factors: ,major,thermal-problem,382,fltEquipmentFanModuleThermalThresholdCritical,equipment:FanModule
F0383, This fault occurs when the temperature of a PSU module has exceeded a critical threshold value. Be aware of the following possible contributing factors: ,major,thermal-problem,383,fltEquipmentPsuThermalThresholdCritical,equipment:Psu
F0384," This fault occurs when the temperature of a fan module has been out of operating range, and the issue is not recoverable. Be aware of the following possible contributing factors: ",critical,thermal-problem,384,fltEquipmentFanModuleThermalThresholdNonRecoverable,equipment:FanModule
F0385," This fault occurs when the temperature of a PSU module has been out of operating range, and the issue is not recoverable. Be aware of the following possible contributing factors: ",critical,thermal-problem,385,fltEquipmentPsuThermalThresholdNonRecoverable,equipment:Psu
F0387," This fault occurs when the PSU voltage is out of normal operating range, but hasn’t reached to a critical stage yet. Normally the PSU will recover itself from this situation. ",minor,voltage-problem,387,fltEquipmentPsuVoltageThresholdNonCritical,equipment:Psu
F0389, This fault occurs when the PSU voltage has exceeded the specified hardware voltage rating. ,major,voltage-problem,389,fltEquipmentPsuVoltageThresholdCritical,equipment:Psu
F0391, This fault occurs when the PSU voltage has exceeded the specified hardware voltage rating and PSU hardware may have been damaged as a result or may be at risk of being damaged. ,critical,voltage-problem,391,fltEquipmentPsuVoltageThresholdNonRecoverable,equipment:Psu
F0392," This fault is raised as a warning if the current output of the PSU in a chassis, fabric interconnect, or rack server does not match the desired output value. ",minor,performance-problem,392,fltEquipmentPsuPerfThresholdNonCritical,equipment:Psu
F0393," This fault occurs if the current output of the PSU in a chassis, fabric interconnect, or rack server is far below or above the desired output value. ",major,performance-problem,393,fltEquipmentPsuPerfThresholdCritical,equipment:Psu
F0394," This fault occurs if the current output of the PSU in a chassis, fabric interconnect, or rack server is far above or below the non-recoverable threshold value. ",critical,performance-problem,394,fltEquipmentPsuPerfThresholdNonRecoverable,equipment:Psu
F0395, This fault occurs when the fan speed reading from the fan controller does not match the desired fan speed and is outside of the normal operating range. This can indicate a problem with a fan or with the reading from the fan controller. ,info,performance-problem,395,fltEquipmentFanPerfThresholdNonCritical,equipment:Fan
F0396, This fault occurs when the fan speed read from the fan controller does not match the desired fan speed and has exceeded the critical threshold and is in risk of failure. This can indicate a problem with a fan or with the reading from the fan controller. ,info,performance-problem,396,fltEquipmentFanPerfThresholdCritical,equipment:Fan
F0397, This fault occurs when the fan speed read from the fan controller has far exceeded the desired fan speed. It frequently indicates that the fan has failed. ,info,performance-problem,397,fltEquipmentFanPerfThresholdNonRecoverable,equipment:Fan
F0398, This fault typically occurs when an IOM upgrade fails. ,major,firmware-upgrade-problem,398,fltEquipmentIOCardFirmwareUpgrade,equipment:IOCard
F0399, This fault typically occurs when the current connectivity for a chassis does not match the configuration in the chassis discovery policy. ,major,unsupported-connectivity-configuration,399,fltEquipmentChassisUnsupportedConnectivity,equipment:Chassis
F0400, This fault typically occurs when or more of the I/O module links from the chassis are unacknowledged. ,warning,equipment-unacknowledged,400,fltEquipmentChassisUnacknowledged,equipment:Chassis
F0401, This fault typically occurs when the current connectivity for an I/O module does not match the configuration in the chassis discovery policy. ,major,unsupported-connectivity-configuration,401,fltEquipmentIOCardUnsupportedConnectivity,equipment:IOCard
F0402, This fault typically occurs when an I/O module is unacknowledged. ,warning,equipment-unacknowledged,402,fltEquipmentIOCardUnacknowledged,equipment:IOCard
F0403, This fault typically occurs when an I/O module is unable to communicate with its peer I/O module. ,warning,equipment-disconnected,403,fltEquipmentIOCardPeerDisconnected,equipment:IOCard
F0404, This fault typically occurs when the FRU information for an I/O module is corrupted or malformed. ,critical,fru-problem,404,fltEquipmentChassisIdentity,equipment:Chassis
F0405, This fault typically occurs when the FRU information for an I/O module is corrupted or malformed. ,critical,fru-problem,405,fltEquipmentIOCardIdentity,equipment:IOCard
F0406, This fault typically occurs when the FRU information for a fan module is corrupted or malformed. ,critical,fru-problem,406,fltEquipmentFanModuleIdentity,equipment:FanModule
F0407, This fault typically occurs when the FRU information for a power supply unit is corrupted or malformed. ,critical,fru-problem,407,fltEquipmentPsuIdentity,equipment:Psu
F0408, This fault typically occurs when the chassis fails to meet the minimal power requirements defined in the power policy or when one or more power supplies have failed. ,major,power-problem,408,fltEquipmentChassisPowerProblem,equipment:Chassis
F0409, This fault occurs under the following conditions: ,major,thermal-problem,409,fltEquipmentChassisThermalThresholdCritical,equipment:Chassis
F0411, FPRM raises this fault under the following conditions: ,critical,thermal-problem,411,fltEquipmentChassisThermalThresholdNonRecoverable,equipment:Chassis
F0424, This fault is raised when the CMOS battery voltage has dropped to lower than the normal operating range. This could impact the clock and other CMOS settings. ,major,voltage-problem,424,fltComputeBoardCmosVoltageThresholdCritical,compute:Board
F0425, This fault is raised when the CMOS battery voltage has dropped quite low and is unlikely to recover. This impacts the clock and other CMOS settings. ,major,voltage-problem,425,fltComputeBoardCmosVoltageThresholdNonRecoverable,compute:Board
F0428, This fault occurs in an unlikely event that the fabric interconnects in a cluster configuration could not reach an agreement for selecting the primary fabric interconnect. This impacts the full HA functionality of the fabric interconnect cluster. ,critical,election-failure,428,fltMgmtEntityElectionFailure,mgmt:Entity
F0429, This fault occurs if Cisco FPR Manager cannot discover or communicate with one or more chassis or rack servers to write the HA Cluster state. This impacts the full HA functionality of the fabric interconnect cluster. ,major,ha-not-ready,429,fltMgmtEntityHaNotReady,mgmt:Entity
F0430, This fault occurs if the Cisco FPR Manager software on the subordinate fabric interconnect is not the same release as that of the primary fabric interconnect. This impacts the full HA functionality of the fabric interconnect cluster. ,critical,version-incompatible,430,fltMgmtEntityVersionIncompatible,mgmt:Entity
F0434, This fault occurs in the unlikely event that a fan in a fan module cannot be detected. ,warning,equipment-missing,434,fltEquipmentFanMissing,equipment:Fan
F0435, This fault typically occurs when an I/O module is auto upgrading. Auto-upgrade occurs when the firmware version on the IOM is incompatible with the firmware version on the fabric interconnect. ,major,auto-firmware-upgrade,435,fltEquipmentIOCardAutoUpgradingFirmware,equipment:IOCard
F0436, This fault typically occurs when the image to which a firmware package item refers is missing. ,major,image-deleted,436,fltFirmwarePackItemImageMissing,firmware:PackItem
F0440, The configuration of the chassis discovery policy conflicts with the physical IOM uplinks. Cisco FPR Manager raises this fault when the chassis discovery policy is configured for more links than are physically cabled between the IOM uplinks on the chassis and the fabric interconnect. ,info,unexpected-number-of-links,440,fltEtherSwitchIntFIoSatelliteWiringNumbersUnexpected,ether:SwitchIntFIo
F0451, This fault occurs in an unlikely event that management services fail on a fabric interconnect. This impacts the full HA functionality of the fabric interconnect cluster. ,critical,management-services-failure,451,fltMgmtEntityManagementServicesFailure,mgmt:Entity
F0452, This fault occurs when management services on a fabric interconnect are unresponsive. This impacts the full HA functionality of the fabric interconnect cluster. ,critical,management-services-unresponsive,452,fltMgmtEntityManagementServicesUnresponsive,mgmt:Entity
F0456, This fault typically occurs for one of the following reasons: ,critical,equipment-inoperable,456,fltEquipmentChassisInoperable,equipment:Chassis
F0458, This fault is raised on the IOM/FEX backplane ports when Cisco FPR Manager detects a hardware failure. ,major,interface-failed,458,fltEtherServerIntFIoHardwareFailure,ether:ServerIntFIo
F0459, This fault occurs when the transport VIF for an I/O module is down. Cisco FPR Manager raises this fault when a fabric interconnect reports the connectivity state on virtual interface as one of the following: ,major,cmc-vif-down,459,fltDcxVcMgmtVifDown,dcx:Vc
F0460, This fault typically occurs because Cisco FPR Manager has detected that the system event log (SEL) on the server is approaching full capacity. The available capacity in the log is low. This is an info-level fault and can be ignored if you do not want to clear the SEL at this time. ,info,log-capacity,460,fltSysdebugMEpLogMEpLogLog,sysdebug:MEpLog
F0461, This fault typically occurs because Cisco FPR Manager has detected that the system event log (SEL) on the server is almost full. The available capacity in the log is very low. This is an info-level fault and can be ignored if you do not want to clear the SEL at this time. ,info,log-capacity,461,fltSysdebugMEpLogMEpLogVeryLow,sysdebug:MEpLog
F0462, This fault typically occurs because Cisco FPR Manager could not transfer the SEL file to the location specified in the SEL policy. This is an info-level fault and can be ignored if you do not want to clear the SEL at this time. ,info,log-capacity,462,fltSysdebugMEpLogMEpLogFull,sysdebug:MEpLog
F0463, This fault typically occurs when the selected server pool does not contain any servers. ,minor,empty-pool,463,fltComputePoolEmpty,compute:Pool
F0464, This fault typically occurs when a UUID suffix pool does not contain any UUID suffixes. ,minor,empty-pool,464,fltUuidpoolPoolEmpty,uuidpool:Pool
F0465, This fault typically occurs when an IP address pool does not contain any IP addresses. ,minor,empty-pool,465,fltIppoolPoolEmpty,ippool:Pool
F0466, This fault typically occurs when a MAC address pool does not contain any MAC addresses. ,minor,empty-pool,466,fltMacpoolPoolEmpty,macpool:Pool
F0470, This fault typically occurs when the backup firmware image on an endpoint is unusable. ,major,image-unusable,470,fltFirmwareUpdatableImageUnusable,firmware:Updatable
F0471," This fault typically occurs when the startup firmware image on an endpoint is corrupted or invalid, and the endpoint cannot boot from that image. ",major,image-cannot-boot,471,fltFirmwareBootUnitCantBoot,firmware:BootUnit
F0476, This fault typically occurs when a WWN pool does not contain any WWNs. ,minor,empty-pool,476,fltFcpoolInitiatorsEmpty,fcpool:Initiators
F0478," This fault typically occurs because an I/O module has lost its connection to the fabric interconnects. In a cluster configuration, the chassis fails over to the other I/O module. For a standalone configuration, the chassis associated with the I/O module loses network connectivity. This is a critical fault because it can result in the loss of network connectivity and disrupt data traffic through the I/O module. ",critical,equipment-inaccessible,478,fltEquipmentIOCardInaccessible,equipment:IOCard
F0479, This fault occurs when Cisco FPR cannot send or receive data through an uplink port. ,major,vif-down,479,fltDcxVIfLinkState,dcx:VIf
F0480, This fault occurs when a fan module is not operational. ,minor,equipment-degraded,480,fltEquipmentFanModuleDegraded,equipment:FanModule
F0481, This fault typically occurs when an I/O module encounters errors during the Power On Self Test (POST). The impact of this fault varies according to the errors that were encountered during POST. ,major,equipment-problem,481,fltEquipmentIOCardPostFailure,equipment:IOCard
F0484," This fault occurs when the fan speed reading from the fan controller is far below the desired fan speed, and the fan has likely failed. ",critical,performance-problem,484,fltEquipmentFanPerfThresholdLowerNonRecoverable,equipment:Fan
F0517, This fault typically occurs when the server has encountered a diagnostic failure or an error during POST. ,major,equipment-problem,517,fltComputePhysicalPostFailure,compute:Physical
F0528," This fault typically occurs when Cisco FPR Manager detects that a power supply unit in a chassis, fabric interconnect, or FEX is offline. ",warning,equipment-offline,528,fltEquipmentPsuOffline,equipment:Psu
F0531, This fault occurs when the RAID backup unit is not operational. ,major,equipment-inoperable,531,fltStorageRaidBatteryInoperable,storage:RaidBattery
F0532," This fault occurs when the transfer of a managed endpoint log file, such as the SEL, fails.",info,file-transfer-failed,532,fltSysdebugMEpLogTransferError,sysdebug:MEpLog
F0533, This fault is raised when the CMOS battery voltage is below the normal operating range. This impacts the system clock. ,major,equipment-inoperable,533,fltComputeRtcBatteryInoperable,compute:RtcBattery
F0535," This fault occurs when the temperature of a memory buffer unit on a blade or rack server exceeds a non-critical threshold value, but is still below the critical threshold. Be aware of the following possible contributing factors: ",info,thermal-problem,535,fltMemoryBufferUnitThermalThresholdNonCritical,memory:BufferUnit
F0536, This fault occurs when the temperature of a memory buffer unit on a blade or rack server exceeds a critical threshold value. Be aware of the following possible contributing factors: ,major,thermal-problem,536,fltMemoryBufferUnitThermalThresholdCritical,memory:BufferUnit
F0537," This fault occurs when the temperature of a memory buffer unit on a blade or rack server has been out of the operating range, and the issue is not recoverable. Be aware of the following possible contributing factors: ",critical,thermal-problem,537,fltMemoryBufferUnitThermalThresholdNonRecoverable,memory:BufferUnit
F0538, This fault is raised when the IO controller temperature is outside the upper or lower non-critical threshold. ,minor,thermal-problem,538,fltComputeIOHubThermalNonCritical,compute:IOHub
F0539, This fault is raised when the IO controller temperature is outside the upper or lower critical threshold. ,major,thermal-problem,539,fltComputeIOHubThermalThresholdCritical,compute:IOHub
F0540, This fault is raised when the IO controller temperature is outside the recoverable range of operation. ,critical,thermal-problem,540,fltComputeIOHubThermalThresholdNonRecoverable,compute:IOHub
F0543," This fault typically occurs because Cisco FPR Manager has detected an unsupported chassis. For example, the model, vendor, or revision is not recognized. ",major,identity-unestablishable,543,fltEquipmentChassisIdentityUnestablishable,equipment:Chassis
F0549, This fault occurs when the total number of configured VLANs in the Cisco FPR instance has exceeded the allowed maximum number of configured VLANs on the fabric interconnect. ,critical,limit-reached,549,fltSwVlanPortNsResourceStatus,sw:VlanPortNs
F0621, This fault typically occurs when a LAN pin group does not contain any targets. ,minor,empty-pin-group,621,fltFabricLanPinGroupEmpty,fabric:LanPinGroup
F0625, The link for a network-facing adapter interface is misconnected. Cisco FPR Manager raises this fault when any of the following scenarios occur: ,warning,link-misconnected,625,fltAdaptorExtEthIfMisConnect,adaptor:ExtEthIf
F0626, The link for a network-facing host interface is misconnected. Cisco FPR Manager raises this fault when any of the following scenarios occur: ,warning,link-misconnected,626,fltAdaptorHostEthIfMisConnect,adaptor:HostEthIf
F0635, This fault typically occurs when the server CIMC has failed to enforce the configured power cap. ,major,power-cap-fail,635,fltPowerBudgetPowerBudgetCmcProblem,power:Budget
F0637, This fault typically occurs when the server CIMC or BIOS has failed to enforce the configured power cap. ,major,power-cap-fail,637,fltPowerBudgetPowerBudgetBmcProblem,power:Budget
F0640, This fault typically occurs when discovery fails due to unavailable power in the group. ,major,power-cap-fail,640,fltPowerBudgetPowerBudgetDiscFail,power:Budget
F0642, This fault typically occurs when the group cap is insufficient to meet the minimum hardware requirements. ,major,power-cap-fail,642,fltPowerGroupPowerGroupInsufficientBudget,power:Group
F0643," This fault typically occurs when the group cap is insufficient to meet the minimum hardware requirements. Under these circumstances, Cisco FPR Manager uses the previously entered group cap for provisioning. ",major,power-cap-fail,643,fltPowerGroupPowerGroupBudgetIncorrect,power:Group
F0688, This fault occurs when the server and FEX connectivity changes.,warning,link-misconnected,688,fltMgmtIfMisConnect,mgmt:If
F0689, The server could not be assigned to the selected service profile. This fault typically occurs as a result of one of the following issues: ,minor,assignment-failed,689,fltLsComputeBindingAssignmentRequirementsNotMet,ls:ComputeBinding
F0702, This fault typically occurs when a FEX encounters errors during the Power On Self Test (POST). The impact of this fault varies depending on which errors were encountered during POST. ,major,equipment-problem,702,fltEquipmentFexPostFailure,equipment:Fex
F0703, This fault typically occurs when the FRU information for a FEX is corrupted or malformed. ,critical,fru-problem,703,fltEquipmentFexIdentity,equipment:Fex
F0708, The link for a network-facing host interface is missing. Cisco FPR Manager raises this fault when it detects missing connectivity between a previously configured switch port and its previous peer host interface. ,warning,link-missing,708,fltAdaptorHostEthIfMissing,adaptor:HostEthIf
F0713," This fault is raised against a fabric interconnect port, network-facing IOM port, or FEX module port if an unsupported transceiver type is inserted. The port cannot be used if it has an unsupported transceiver. ",major,unsupported-transceiver,713,fltPortPIoInvalidSfp,port:PIo
F0717, This fault occurs when the connectivity between a server and FEX is removed or unconfigured.,warning,link-missing,717,fltMgmtIfMissing,mgmt:If
F0727, This fault typically occurs when a member port in an Ethernet port channel is down. ,major,membership-down,727,fltFabricEthLanPcEpDown,fabric:EthLanPcEp
F0729," This fault occurs when the temperature of an I/O module has exceeded a non-critical threshold value, but is still below the critical threshold. Be aware of the following possible contributing factors: ",minor,thermal-problem,729,fltEquipmentIOCardThermalThresholdNonCritical,equipment:IOCard
F0730, This fault occurs when the temperature of an I/O module has exceeded a critical threshold value. Be aware of the following possible contributing factors: ,major,thermal-problem,730,fltEquipmentIOCardThermalThresholdCritical,equipment:IOCard
F0731," This fault occurs when the temperature of an I/O module has been out of the operating range, and the issue is not recoverable. Be aware of the following possible contributing factors: ",critical,thermal-problem,731,fltEquipmentIOCardThermalThresholdNonRecoverable,equipment:IOCard
F0733, This fault occurs in the unlikely event that the Chassis shared storage (SEEPROM) is not operational. ,critical,equipment-inoperable,733,fltEquipmentChassisSeepromInoperable,equipment:Chassis
F0736, This fault occurs when a fabric interconnect reports that the operational state of an external management interface is down. ,major,mgmtif-down,736,fltExtmgmtIfMgmtifdown,extmgmt:If
F0740, This fault typically occurs when an updated group cap is insufficient to meet the minimum hardware requirements and a chassis that has just been added to the power group cannot be capped as a result. ,major,group-cap-insufficient,740,fltPowerChassisMemberPowerGroupCapInsufficient,power:ChassisMember
F0741," This fault typically occurs when the CIMC firmware on a server is an earlier release than Cisco FPR, Release 1.4. ",major,old-chassis-component-firmware,741,fltPowerChassisMemberChassisFirmwareProblem,power:ChassisMember
F0742, This fault typically occurs when at least two PSUs are not powered on. ,major,psu-insufficient,742,fltPowerChassisMemberChassisPsuInsufficient,power:ChassisMember
F0743, This fault typically occurs when chassis power redundancy has failed. ,major,psu-redundancy-fail,743,fltPowerChassisMemberChassisPsuRedundanceFailure,power:ChassisMember
F0744, This fault typically occurs when Cisco FPR Manager is actively capping the power for a blade server. ,info,power-consumption-hit-limit,744,fltPowerBudgetPowerCapReachedCommit,power:Budget
F0747, This fault occurs when Cisco Firepower Manager cannot transfer a core file to a remote TFTP server. This is typically the result of one of the following issues: ,warning,tftp-server-error,747,fltSysdebugAutoCoreFileExportTargetAutoCoreTransferFailure,sysdebug:AutoCoreFileExportTarget
F0757, This fault typically occurs when the configuration of a traffic monitoring session is incorrect. ,major,config-error,757,fltFabricMonSpanConfigFail,fabric:Mon
F0764, This fault typically occurs when the available PSU power is not enough to deploy the power budget of chassis and blades. ,major,psu-insufficient,764,fltPowerBudgetChassisPsuInsufficient,power:Budget
F0765, This fault typically occurs when the processor T-state is used to severely throttle the CPU. ,critical,no-ack-from-bios,765,fltPowerBudgetTStateTransition,power:Budget
F0766, This fault occurs when a power policy cannot be applied to one or more blade servers. The affected blade servers cannot operate normally without power capping due to the limited power budget for those servers. ,minor,no-cap-fail,766,fltPowerPolicyPowerPolicyApplicationFail,power:Policy
F0772, This fault occurs when the connectivity between a server and a FEX is added or changed.,warning,new-link,772,fltMgmtIfNew,mgmt:If
F0775, The link for a network-facing adapter interface is misconnected. Cisco FPR Manager raises this fault when it detects that the connectivity between a previously configured port on a fabric interconnect or FEX and its prior peer network-facing adapter interface is misconnected or missing. ,warning,link-missing,775,fltAdaptorExtEthIfMissing,adaptor:ExtEthIf
F0776, This fault occurs when the server disk drive is in a slot that is not supported by the storage controller. ,minor,equipment-inoperable,776,fltStorageLocalDiskSlotEpUnusable,storage:LocalDiskSlotEp
F0777, This fault typically occurs when a member port in an Ethernet port channel is down. ,major,membership-down,777,fltFabricEthEstcPcEpDown,fabric:EthEstcPcEp
F0778," This fault typically occurs because Cisco FPR Manager detected an unsupported chassis. For example, the model, vendor, or revision is not recognized. ",major,identity-unestablishable,778,fltEquipmentFexIdentityUnestablishable,equipment:Fex
F0794, This fault occurs if a fan module is not operational. ,major,equipment-inoperable,794,fltEquipmentFanModuleInoperable,equipment:FanModule
F0795, The schedule that is referenced by the maintenance policy does not exist. This fault typically occurs as a result of one of the following issues: ,warning,non-existent-scheduler,795,fltLsmaintMaintPolicyUnresolvableScheduler,lsmaint:MaintPolicy
F0801," This fault typically occurs because Cisco FPR Manager has detected an unsupported CPU in the server. For example, the model, vendor, or revision is not recognized. ",warning,identity-unestablishable,801,fltProcessorUnitIdentityUnestablishable,processor:Unit
F0821, This fault typically occurs when an IQN pool does not contain any IQNs. ,minor,empty-pool,821,fltIqnpoolPoolEmpty,iqnpool:Pool
F0831, This fault typically occurs when a member port in a fabric port channel is down. ,major,membership-down,831,fltFabricDceSwSrvPcEpDown,fabric:DceSwSrvPcEp
F0832, This fault occurs when at least one logical interface is misconfigured. This can happen when upgrading to a different type or series of fabric interconnect or when importing a configuration.The configuration must meet the following constraints: ,critical,config-error,832,fltFabricEpMgrEpTransModeFail,fabric:EpMgr
F0834, This fault occurs when a logical interface is misconfigured. This can happen when upgrading to a different type or series of fabric interconnect or when importing a configuration. ,critical,interface-misconfigured,834,fltFabricPIoEpErrorMisconfigured,fabric:PIoEp
F0835, This fault occurs when an uplink port or port channel is configured with a primary VLAN that does not exist in the Cisco FPR instance. ,major,missing-primary-vlan,835,fltFabricEthLanEpMissingPrimaryVlan,fabric:EthLanEp
F0836, This fault occurs when an uplink port or port channel is configured with a primary VLAN that does not exist in the Cisco FPR instance. ,major,missing-primary-vlan,836,fltFabricEthLanPcMissingPrimaryVlan,fabric:EthLanPc
F0840, This fault occurs when one or more VLANs required by vNIC in a service profile are not configured on the target uplink port or port channel for a hard-pinned LAN pin group. ,warning,pinning-mismatch,840,fltVnicEtherPinningMismatch,vnic:Ether
F0841, This fault occurs when one or more vNIC target uplink ports or port channels for a hard-pinned LAN pin group are either missing or misconfigured as the wrong port type. ,major,pinning-misconfig,841,fltVnicEtherPinningMisconfig,vnic:Ether
F0842, This fault occurs in the unlikely event that a processor is disabled. ,major,equipment-disabled,842,fltProcessorUnitDisabled,processor:Unit
F0844," This fault is raised when the server BIOS disables a DIMM. The BIOS could disable a DIMM for several reasons, including incorrect location of the DIMM or incompatible speed. ",major,equipment-disabled,844,fltMemoryUnitDisabled,memory:Unit
F0856," This fault typically occurs for the following reasons: when firmware activation fails, or if the after activation running image is not the corresponding startup image. ",major,activation-failed,856,fltFirmwareBootUnitActivateStatusFailed,firmware:BootUnit
F0858, This fault occurs when the transport VIF for a server is down. Cisco FPR Manager raises this fault when a fabric interconnect reports the connectivity state on virtual interface as one of the following: ,major,operational-state-down,858,fltFabricInternalPcDown,fabric:InternalPc
F0863," This fault occurs in an unlikely event that the shared storage selected for writing the cluster state is not accessible. This fault is typically a transient fault. You might see this fault when one of the following occurs: (a) the Fabric Interconnect boots, (b) the IO Module is reset, (c) the rack server is reboot, or (d) system is upgraded/downgraded. If this fault is not cleared after the system returns to normal operation following the reboot/reset/upgrade/downgrade, then it may affect the full HA functionality of the Fabric Interconnect cluster. ",warning,device-shared-storage-error,863,fltMgmtEntityDevice1SharedStorageError,mgmt:Entity
F0864," This fault occurs in an unlikely event that the shared storage selected for writing the cluster state is not accessible. This fault is typically a transient fault. You might see this fault when one of the following occurs: (a) the Fabric Interconnect boots, (b) the IO Module is reset, (c) the rack server is reboot, or (d) system is upgraded/downgraded. If this fault is not cleared after the system returns to normal operation following the reboot/reset/upgrade/downgrade, then it may affect the full HA functionality of the Fabric Interconnect cluster. ",warning,device-shared-storage-error,864,fltMgmtEntityDevice2SharedStorageError,mgmt:Entity
F0865," This fault occurs in an unlikely event that the shared storage selected for writing the cluster state is not accessible. This fault is typically a transient fault. You might see this fault when one of the following occurs: (a) the Fabric Interconnect boots, (b) the IO Module is reset, (c) the rack server is reboot, or (d) system is upgraded/downgraded. If this fault is not cleared after the system returns to normal operation following the reboot/reset/upgrade/downgrade, then it may affect the full HA functionality of the Fabric Interconnect cluster. ",warning,device-shared-storage-error,865,fltMgmtEntityDevice3SharedStorageError,mgmt:Entity
F0866, This fault indicates that one of the following scenarios has occurred: ,major,ha-ssh-keys-mismatched,866,fltMgmtEntityHaSshKeysMismatched,mgmt:Entity
F0868, This fault typically occurs when the power sensors on a blade server detect a problem. ,critical,power-problem,868,fltComputeBoardPowerFail,compute:Board
F0876, This fault occurs when Cisco FPR cannot send or receive data through an uplink port. ,minor,vif-down,876,fltVmVifLinkState,vm:Vif
F0881," This fault typically occurs when a power supply unit in a chassis, fabric interconnect, or a FEX is shut down, either due to higher than expected power current, higher than expected temperatures, or the failure of a fan. ",major,equipment-offline,881,fltEquipmentPsuPowerSupplyShutdown,equipment:Psu
F0882, This fault occurs when a power supply unit is drawing too much current. ,critical,power-problem,882,fltEquipmentPsuPowerThreshold,equipment:Psu
F0883, This fault occurs when a power cable is disconnected or input voltage is incorrect. ,critical,power-problem,883,fltEquipmentPsuInputError,equipment:Psu
F0885," Cisco FPR Manager raises this fault when the management subsystem is unable to perform an inventory of the physical components, such as I/O cards or physical ports. ",major,inventory-failed,885,fltNetworkElementInventoryFailed,network:Element
F0900," This fault typically occurs because Cisco FPR Manager has detected an unsupported adapter unit extension, such as a pass-through adaptor. For example, the model, vendor, or revision is not recognized. ",major,unidentifiable-fru,900,fltAdaptorUnitExtnUnidentifiableFru,adaptor:UnitExtn
F0901," This fault typically occurs when an I/O adapter unit extension, such as a pass-through adapter, is missing. Cisco FPR Manager raises this fault when any of the following scenario occur: ",warning,equipment-missing,901,fltAdaptorUnitExtnMissing,adaptor:UnitExtn
F0902," This fault typically occurs because Cisco FPR Manager has detected an unsupported FEX. For example, the model, vendor, or revision is not recognized. ",major,fex-unsupported,902,fltEquipmentFexFexUnsupported,equipment:Fex
F0903, This fault typically occurs when IScsi Vnics refer the same iqn name. ,major,configuration-failed,903,fltVnicIScsiConfigFailed,vnic:IScsi
F0909, This fault occurs when certificate status of Keyring has become invalid. ,major,invalid-keyring-certificate,909,fltPkiKeyRingStatus,pki:KeyRing
F0910, This fault occurs when certificate status of TrustPoint has become invalid. ,major,invalid-trustpoint-cert-chain,910,fltPkiTPStatus,pki:TP
F0915, This fault typically occurs for one of the following reasons: ,major,disassociation-failed,915,fltComputePhysicalDisassociationFailed,compute:Physical
F0916, This fault would occur when FPRM VIF-id Map is not the same as the VIF-id map deployed on the adaptor upon Full Backup-Restore etc. ,minor,vif-ids-mismatch,916,fltComputePhysicalNetworkMisconfigured,compute:Physical
F0917, This fault occurs there is an invalid entry for a port profile configuration. ,warning,profile-config-incorrect,917,fltVnicProfileProfileConfigIncorrect,vnic:Profile
F0932," This fault typically occurs when a Service Profile’s vnic interface (LAN) is resolvable but the service profile does not have access to the vlan. In this case, the default vlan will be used. ",major,inaccessible-vlan-referenced,932,fltVnicEtherIfVlanAccessFault,vnic:EtherIf
F0933," This fault (warning) occurs when a Service Profile’s vnic interface (LAN) is unresolvable. In this case, the default vlan will be used as the operational vlan. ",warning,referenced-vlan-unresolvable,933,fltVnicEtherIfVlanUnresolvable,vnic:EtherIf
F0934, This fault typically occurs when a vnic of a service profile or a port profile contains an invalid vlan. an invalid vlan can be any one of the following: ,major,invalid-vlan-in-the-allowed-vlan-list,934,fltVnicEtherIfInvalidVlan,vnic:EtherIf
F0935, This fault occurs when multipl global vlans with the same id have different access configurations. ,warning,vlan-conflict-permit,935,fltFabricVlanVlanConflictPermit,fabric:Vlan
F0936, This fault occurs when a VLAN permit exists but there are no vnics by the name. ,warning,vlan-permit-unresolved,936,fltFabricVlanReqVlanPermitUnresolved,fabric:VlanReq
F0937, This fault occurs when a VLAN group permit exists but there are no referenced network groups. ,warning,group-permit-unresolved,937,fltFabricVlanGroupReqVlanGroupPermitUnresolved,fabric:VlanGroupReq
F0988, None set. ,major,client-lost-connectivity,988,fltExtpolClientClientLostConnectivity,extpol:Client
F0996," This fault occurs when the local disk has become degraded. The fault description will contain the physical drive state, which indicates the reason for the degradation. ",warning,equipment-degraded,996,fltStorageLocalDiskDegraded,storage:LocalDisk
F0997, This fault occurs when the RAID backup unit is degraded. ,minor,equipment-degraded,997,fltStorageRaidBatteryDegraded,storage:RaidBattery
F0998," NOTE: This fault is not currently implemented by Firepower ManagerThis fault is present only as a placeholder, possibly for another release,such as stand-alone rack servers.---This fault occurs when the backup unit’s relearning cycle was aborted. ",minor,equipment-degraded,998,fltStorageRaidBatteryRelearnAborted,storage:RaidBattery
F0999," NOTE: This fault is not currently implemented by Firepower ManagerThis fault is present only as a placeholder, possibly for another release,such as stand-alone rack servers.---This fault occurs when the backup unit’s relearning cycle has failed. ",major,equipment-degraded,999,fltStorageRaidBatteryRelearnFailed,storage:RaidBattery
F1001, Initiator either cannot be resolved or does not match with one of the targets. ,warning,configuration-error,1001,fltStorageInitiatorConfigurationError,storage:Initiator
F1003," NOTE: This fault is not currently implemented by Firepower ManagerThis fault is present only as a placeholder, possibly for another release,such as stand-alone rack servers.---This fault occurs when a Patrol Read operation has failed. ",warning,operation-failed,1003,fltStorageControllerPatrolReadFailed,storage:Controller
F1004, This fault occurs when the storage controller is inaccessible. ,critical,equipment-inoperable,1004,fltStorageControllerInoperable,storage:Controller
F1005," NOTE: This fault is not currently implemented by Firepower ManagerThis fault is present only as a placeholder, possibly for another release,such as stand-alone rack servers.---This fault occurs when a rebuild operation has failed. This may cause a degradation in performance. ",major,equipment-offline,1005,fltStorageLocalDiskRebuildFailed,storage:LocalDisk
F1006," NOTE: This fault is not currently implemented by Firepower ManagerThis fault is present only as a placeholder, possibly for another release,such as stand-alone rack servers.---This fault occurs when a copyback operation has failed. This may cause a degradation in performance. ",major,equipment-offline,1006,fltStorageLocalDiskCopybackFailed,storage:LocalDisk
F1007, This fault occurs when the virtual drive has become inoperable. ,critical,equipment-inoperable,1007,fltStorageVirtualDriveInoperable,storage:VirtualDrive
F1008," This fault occurs when the virtual drive has become degraded. The fault description will contain the physical drive state, which indicates the reason for the degradation. ",major,equipment-degraded,1008,fltStorageVirtualDriveDegraded,storage:VirtualDrive
F1009," NOTE: This fault is not currently implemented by Firepower ManagerThis fault is present only as a placeholder, possibly for another release,such as stand-alone rack servers.---This fault occurs when a drive reconstruction operation has failed. This may cause a degradation in performance. ",major,equipment-degraded,1009,fltStorageVirtualDriveReconstructionFailed,storage:VirtualDrive
F1010," NOTE: This fault is not currently implemented by Firepower ManagerThis fault is present only as a placeholder, possibly for another release,such as stand-alone rack servers.---This fault occurs when a drive consistency check operation has failed. This may cause a degradation in performance. ",major,equipment-degraded,1010,fltStorageVirtualDriveConsistencyCheckFailed,storage:VirtualDrive
F1026, This fault typically occurs because Cisco FPR Manager has detected multiple provider-groups with same name. ,major,provider-group-already-exists,1026,fltAaaProviderGroupProvidergroup,aaa:ProviderGroup
F1027, This fault typically occurs because Cisco FPR Manager has detected an unsupported authentication method. ,critical,invalid-server-group,1027,fltAaaConfigServergroup,aaa:Config
F1028, This fault typically occurs because Cisco FPR Manager has detected an unsupported role. ,critical,role-config-error,1028,fltAaaRoleRoleNotDeployed,aaa:Role
F1029, This fault typically occurs because Cisco FPR Manager has detected an unsupported locale. ,critical,locale-config-error,1029,fltAaaLocaleLocaleNotDeployed,aaa:Locale
F1030, This fault typically occurs because Cisco FPR Manager has detected an unsupported user role for ldap groups or local users. ,critical,user-role-config-error,1030,fltAaaUserRoleUserRoleNotDeployed,aaa:UserRole
F1031, This fault typically occurs because Cisco FPR Manager has detected an unsupported user locale for ldap groups or local users. ,critical,user-locale-config-error,1031,fltAaaUserLocaleUserLocaleNotDeployed,aaa:UserLocale
F1032, This fault typically occurs because Cisco FPR Manager has detected an invalid Keyring. ,critical,keyring-config-error,1032,fltPkiKeyRingKeyRingNotDeployed,pki:KeyRing
F1033, This fault typically occurs when FPR Manager receives an invalid configuration from FPR Central wherein SNMP Syscontact is set to empty when Callhome is enabled. ,warning,snmp-config-error,1033,fltCommSnmpSyscontactEmpty,comm:Snmp
F1034, This fault typically occurs because Cisco FPR Manager has detected an unsupported role. ,minor,timezone-file-not-exists,1034,fltCommDateTimeCommTimeZoneInvalid,comm:DateTime
F1035, This fault typically occurs because Cisco FPR Manager has detected an invalid system user. ,major,user-config-error,1035,fltAaaUserLocalUserNotDeployed,aaa:User
F1036, This fault typically occurs because Cisco FPR Manager has detected an invalid snmp user. ,major,snmp-user-config-error,1036,fltCommSnmpUserSnmpUserNotDeployed,comm:SnmpUser
F1037, This fault typically occurs because Cisco FPR Manager has detected an invalid communication policy confiuration. ,major,comm-svc-config-error,1037,fltCommSvcEpCommSvcNotDeployed,comm:SvcEp
F1056, None set. ,critical,no-vlan-optimization,1056,fltSwVlanPortNsVLANCompNotSupport,sw:VlanPortNs
F1057, This fault occurs when FPRM enters into suspend state from receiving updates from FPR Central that it is registered with. ,warning,suspend-mode-entered,1057,fltPolicyControlEpSuspendModeActive,policy:ControlEp
F1080, This fault occurs when the temperature of a Fabric Interconnect exceeds a critical threshold value. Be aware of the following possible contributing factors: ,major,thermal-problem,1080,fltNetworkElementThermalThresholdCritical,network:Element
F1088, This fault typically occurs when a PinGroup has an unresolvable target. ,warning,invalid-target,1088,fltFabricPinTargetDown,fabric:PinTarget
F1090, This fault occurs when Overlapping Vlans occur due to mis configuration. ,info,configuration-error,1090,fltFabricEthLanEpOverlappingVlan,fabric:EthLanEp
F1091, This fault occurs when Overlapping Vlans occur due to mis configuration. ,info,configuration-error,1091,fltFabricEthLanPcOverlappingVlan,fabric:EthLanPc
F1095, This fault is raised when VLAN belonging to a Springfield fabric has a non-default multicast policy assigned to it. ,major,vlan-mcast-policy-misconfigured,1095,fltFabricVlanMisconfiguredMcastPolicy,fabric:Vlan
F1097, This fault occurs when multiple management connections are acknowledegd.,warning,another-connection-already-enabled,1097,fltMgmtConnectionDisabled,mgmt:Connection
F1098, This fault occurs when a management connection is not enabel,info,connection-unused,1098,fltMgmtConnectionUnused,mgmt:Connection
F1099, This fault typically occurs because Cisco FPR Manager has detected that the physical connectivity of the management port of the server is unsupported. ,minor,unsupported-connectivity,1099,fltMgmtConnectionUnsupportedConnectivity,mgmt:Connection
F1102, This fault typically occurs when FPR Manager receives an invalid configuration from FPR Central wherein Callhome is configured on FPR Central but there is no SNMP Syscontact defined locally. ,minor,callhome-config-error,1102,fltCallhomeEpNoSnmpPolicyForCallhome,callhome:Ep
F1103, The capability catalog failed to load fully. This may be caused by either a faulty FPRM image or a faulty catalog image. ,major,load-catalog-failed,1103,fltCapabilityCatalogueLoadErrors,capability:Catalogue
F1114, This fault typically occurs because Cisco FPR Manager has detected an invalid ArpTargets Configuration. ,major,arp-targets-config-error,1114,fltExtmgmtArpTargetsArpTargetsNotValid,extmgmt:ArpTargets
F1211, A FPR domain is registered with FPR Central without having a license. This fault typically occurs if this FPR domain is registered with FPR Central after all default (and procured) licenses are assigned to other FPR domains. ,warning,license-graceperiod-entered,1211,fltExtpolClientGracePeriodWarning,extpol:Client
F1212, This FPR domain is registered with FPR Central without having a license. This fault typically occurs if this FPR domain is registered with FPR Central after all default (and procured) licenses are assigned to other FPR domains. ,warning,license-graceperiod-10days,1212,fltExtpolClientGracePeriodWarning2,extpol:Client
F1213, This FPR Domain registered with FPR Central has been running in the grace period for more than 30 days. This fault typically occurs if this FPR domain is registered with FPR Central after all default (and procured) licenses are assigned to other FPR domains and the unlicensed FPR Domains have been running for more than 120 days. ,warning,license-graceperiod-30days,1213,fltExtpolClientGracePeriodWarning3,extpol:Client
F1214, This FPR Domain registered with FPR Central has been running in the grace period for more than 60 days. This fault typically occurs if this FPR domain is registered with FPR Central after all default (and procured) licenses are assigned to other FPR domains and the unlicensed FPR Domains have been running for more than 60 days. ,warning,license-graceperiod-60days,1214,fltExtpolClientGracePeriodWarning4,extpol:Client
F1215, This FPR Domain registered with FPR Central has been running in the grace period for more than 90 days. This fault typically occurs if this FPR domains is registered with FPR Central after all default (and procured) licenses are assigned to other FPR domains and the unlicensed FPR Domains have been running for more than 90 days. ,major,license-graceperiod-90days,1215,fltExtpolClientGracePeriodWarning5,extpol:Client
F1216, This FPR Domain registered with FPR Central has been running in the grace period for more than 119 days. This fault typically occurs if this FPR domain is registered with FPR Central after all default (and procured) licenses are assigned to other FPR domains and the unlicensed FPR Domains have been running for more than 119 days. ,critical,license-graceperiod-119days,1216,fltExtpolClientGracePeriodWarning6,extpol:Client
F1217," This FPR Domain registered with FPR Central has been running in the grace period for more than 120 days. FPR domains are registered with FPR Central after all default (and procured) licenses are assigned to other FPR domains and the unlicensed FPR Domains have been running for more than 120 days. At this stage, the system licensing state is set to expired. ",critical,license-graceperiod-expired,1217,fltExtpolClientGracePeriodWarning7,extpol:Client
F1218, This FPR domain is registered with FPR Central without having a license. This fault typically occurs if this FPR domain is registered with FPR Central without the initial activation license and after all default licenses are assigned to other FPR domains. ,critical,license-insufficient,1218,fltExtpolClientGracePeriodWarning1,extpol:Client
F1219, This fault occurs when the partition develops faults ,major,equipment-degraded,1219,fltStorageItemFilesystemIssues,storage:Item
F1222, This fault occurs when RSA keyring is created without modulus set. ,major,invalid-keyring-modulus,1222,fltPkiKeyRingModulus,pki:KeyRing
F1223, This fault typically occurs because Cisco FPR Manager has detected an unidentified org reference. ,warning,locale-org-config-error,1223,fltAaaOrgLocaleOrgNotPresent,aaa:Org
F1229, This fault occurs when the fabric interconnect has more number of primary vlans than what is supported. ,major,extra-primary-vlans,1229,fltNetworkOperLevelExtraprimaryvlans,network:OperLevel
F1236, This fault is raised Blade LED changes to amber blinking ,critical,health-led-amber-blinking,1236,fltEquipmentHealthLedCriticalError,equipment:HealthLed
F1237, This fault is raised Blade LED changes to amber ,minor,health-led-amber,1237,fltEquipmentHealthLedMinorError,equipment:HealthLed
F1249, None set. ,warning,referenced-remote-vlan-unresolvable,1249,fltVnicEtherIfRemoteVlanUnresolvable,vnic:EtherIf
F1251, This fault occurs when multiple connection policies are assigned to the same vNIC. ,major,multiple-connection-policies,1251,fltVnicEtherVirtualizationConflict,vnic:Ether
F1252, This fault typically occurs when Cisco FPR Manager Service Profile configuration failed due to iSCSI Config Issues. ,major,configuration-failed,1252,fltLsIssuesIscsiConfigFailed,ls:Issues
F1256, This fault occurs when a disk is missing. ,major,equipment-missing,1256,fltStorageLocalDiskMissing,storage:LocalDisk
F1257, This fault occurs when the flexflash controller is inaccessible. ,major,equipment-inoperable,1257,fltStorageFlexFlashControllerInoperable,storage:FlexFlashController
F1258, This fault occurs when the flexflash card is inaccessible. ,major,equipment-inoperable,1258,fltStorageFlexFlashCardInoperable,storage:FlexFlashCard
F1259, This fault occurs when a FlexFlash Card is missing. ,info,equipment-missing,1259,fltStorageFlexFlashCardMissing,storage:FlexFlashCard
F1260, This fault occurs when the flexflash raid is degraded. ,minor,equipment-degraded,1260,fltStorageFlexFlashVirtualDriveDegraded,storage:FlexFlashVirtualDrive
F1261, This fault occurs when the flexflash virtual drive is inoperable. ,major,equipment-inoperable,1261,fltStorageFlexFlashVirtualDriveInoperable,storage:FlexFlashVirtualDrive
F1262, This fault occurs when the flexflash controller is unhealthy. ,minor,equipment-unhealthy,1262,fltStorageFlexFlashControllerUnhealthy,storage:FlexFlashController
F1279, This fault typically occurs because Cisco FPR Manager has detected provider-group with 0 provider references.. ,warning,provider-group-size-empty,1279,fltAaaProviderGroupProvidergroupsize,aaa:ProviderGroup
F1284, This fault typically occurs for the following reasons: when Auto Firmware Sync Policy is set Auto-acknowledge or User-acknowledge and default host firmware pack is not available. ,major,default-hostpack-missing,1284,fltFirmwareAutoSyncPolicyDefaultHostPackageMissing,firmware:AutoSyncPolicy
F1304, This fault typically occurs when the configuration of a traffic flow monitoring session is incorrect. ,major,config-error,1304,fltFabricNetflowMonSessionFlowMonConfigFail,fabric:NetflowMonSession
F1305, None set. ,major,config-error,1305,fltFabricNetflowMonSessionNetflowSessionConfigFail,fabric:NetflowMonSession
F1306, This fault typically occurs when a named VLAN in VLAN group cannot be resolved to any existing vlans. ,warning,named-vlan-unresolved,1306,fltFabricPooledVlanNamedVlanUnresolved,fabric:PooledVlan
F1320, None set. ,warning,vm-network-reference-incorrect,1320,fltExtvmmVMNDRefVmNetworkReferenceIncorrect,extvmm:VMNDRef
F1321, None set. ,major,ndisc-targets-config-error,1321,fltExtmgmtNdiscTargetsNdiscTargetsNotValid,extmgmt:NdiscTargets
F1325, None set. ,critical,board-ctrl-upgraded,1325,fltFirmwareBootUnitPowerCycleRequired,firmware:BootUnit
F1328," This fault typically occurs when the CIMC firmware on a server is an earlier release than Cisco FPR, Release 2.2. ",info,incompatible-server-firmware,1328,fltMgmtControllerUnsupportedDimmBlacklisting,mgmt:Controller
F1358, This fault occurs when an ethernet uplink port is unidirectional connected. ,warning,udld-link-down,1358,fltFabricEthLanEpUdldLinkDown,fabric:EthLanEp
F1359, This fault occurs when an ethernet uplink port-channel member is unidirectional connected. ,warning,udld-link-down,1359,fltFabricEthLanPcEpUdldLinkDown,fabric:EthLanPcEp
F1407, This fault typically occurs when the FRU information for a chassis has empty value. ,critical,fru-problem,1407,fltEquipmentChassisInvalidFru,equipment:Chassis
F1408," This fault typically occurs because an FI I/O module is removed from the chassis. In a cluster configuration, the chassis fails over to the other FI I/O module. For a standalone configuration, the chassis associated with the FI I/O module loses network connectivity. This is a critical fault because it can result in the loss of network connectivity and disrupt data traffic through the FI I/O module. ",critical,equipment-removed,1408,fltEquipmentSwitchIOCardRemoved,equipment:SwitchIOCard
F1409, This fault occurs when there is a thermal problem on an FI I/O module. Be aware of the following possible contributing factors: ,major,thermal-problem,1409,fltEquipmentSwitchIOCardThermalProblem,equipment:SwitchIOCard
F1410," This fault occurs when the temperature of an FI I/O module has exceeded a non-critical threshold value, but is still below the critical threshold. Be aware of the following possible contributing factors: ",minor,thermal-problem,1410,fltEquipmentSwitchIOCardThermalThresholdNonCritical,equipment:SwitchIOCard
F1411, This fault occurs when the temperature of an FI I/O module has exceeded a critical threshold value. Be aware of the following possible contributing factors: ,major,thermal-problem,1411,fltEquipmentSwitchIOCardThermalThresholdCritical,equipment:SwitchIOCard
F1412," This fault occurs when the temperature of an FI I/O module has been out of the operating range, and the issue is not recoverable. Be aware of the following possible contributing factors: ",critical,thermal-problem,1412,fltEquipmentSwitchIOCardThermalThresholdNonRecoverable,equipment:SwitchIOCard
F1414, This fault typically occurs when the FRU information for an FI I/O module is corrupted or malformed. ,critical,fru-problem,1414,fltEquipmentSwitchIOCardIdentity,equipment:SwitchIOCard
F1415, This fault typically occurs when the processor temperature in FI-IOM exceeds the limit. ,critical,thermal-problem,1415,fltEquipmentSwitchIOCardCpuThermalThresholdCritical,equipment:SwitchIOCard
F1421, This fault occurs when there is a mix of high-line and low-line PSU input power source. ,critical,psu-mixed-mode,1421,fltPowerBudgetChassisPsuMixedMode,power:Budget
F1426, This fault occurs when the fabric interconnect is removed in a clustering setup. ,critical,equipment-removed,1426,fltNetworkElementRemoved,network:Element
F1432, This fault occurs when the fabric interconnect has more number of secondary vlans than what is supported. ,major,extra-secondary-vlans,1432,fltNetworkOperLevelExtrasecondaryvlans,network:OperLevel
F1433, This fault occurs when the fabric interconnect has more number of secondary vlans per primary vlan than what is supported. ,minor,extra-secondary-vlans-per-primary,1433,fltSwVlanExtrasecondaryvlansperprimary,sw:Vlan
F1437, This fault occurs when last backup configuration is taken long back ,minor,config-backup-outdated,1437,fltMgmtBackupPolicyConfigConfigurationBackupOutdated,mgmt:BackupPolicyConfig
F1441, This fault typically occurs when the CIMC firmware image on master and slave node in an aggregate blade does not match. ,critical,cimc-firmware-mismatch,1441,fltFirmwareStatusCimcFirmwareMismatch,firmware:Status
F1442, This fault typically occurs when the board controller firmware image on master and slave node in an aggregate blade does not match. ,critical,pld-firmware-mismatch,1442,fltFirmwareStatusPldFirmwareMismatch,firmware:Status
F1443, This fault typically occurs when a netflow src vnic is made a USNIC or VMQ vnic ,major,multiple-connection-policies,1443,fltVnicEtherVirtualizationNetflowConflict,vnic:Ether
F1444, This fault occurs when Cisco Firepower Manager cannot transfer a log file to a remote server. This is typically the result of one of the following issues: ,warning,server-error,1444,fltSysdebugLogExportStatusLogExportFailure,sysdebug:LogExportStatus
F1459," The service profile does not have service vnics, hence netflow will not function on this server. This fault typically occurs as a result of one of the following issues: ",warning,svnic-not-present,1459,fltLsServerSvnicNotPresent,ls:Server
F1460, None set. ,minor,unsupported-cimc-firmware,1460,fltLsIssuesKvmPolicyUnsupported,ls:Issues
F1461, This fault typically occurs when the motherboard thermal sensors on a server detect a problem. ,major,thermal-problem,1461,fltComputeABoardThermalProblem,compute:ABoard
F1462, This fault typically occurs when the motherboard power consumption exceeds certain threshold limits. At that time the power usage sensors on a server detect a problem. ,major,power-problem,1462,fltComputeABoardPowerUsageProblem,compute:ABoard
F1463, This fault is raised when one or more motherboard input voltages has become too high and is unlikely to recover. ,major,voltage-problem,1463,fltComputeABoardMotherBoardVoltageThresholdUpperNonRecoverable,compute:ABoard
F1464, This fault is raised when one or more motherboard input voltages has dropped too low and is unlikely to recover. ,major,voltage-problem,1464,fltComputeABoardMotherBoardVoltageThresholdLowerNonRecoverable,compute:ABoard
F1465, This fault is raised when one or more motherboard input voltages has crossed upper critical thresholds. ,minor,voltage-problem,1465,fltComputeABoardMotherBoardVoltageUpperThresholdCritical,compute:ABoard
F1466, This fault is raised when one or more motherboard input voltages has crossed lower critical thresholds. ,minor,voltage-problem,1466,fltComputeABoardMotherBoardVoltageLowerThresholdCritical,compute:ABoard
F1467, None set. ,major,vmedia-mount-inaccessible,1467,fltCimcvmediaActualMountEntryVmediaMountFailed,cimcvmedia:ActualMountEntry
F1468, This fault typically occurs when Cisco FPR Manager encounters a problem resolving the primary VLAN ID corresponding to a particular isolated VLAN. ,minor,primary-vlan-missing-for-isolated,1468,fltFabricVlanPrimaryVlanMissingForIsolated,fabric:Vlan
F1469, This fault typically occurs when Cisco FPR Manager encounters a problem resolving the primary VLAN ID corresponding to a particular community VLAN. ,minor,primary-vlan-missing-for-community,1469,fltFabricVlanPrimaryVlanMissingForCommunity,fabric:Vlan
F1470, This fault typically occurs when private vlan properties of VLAN under one cloud conflicts with the private vlan properties of VLAN under another cloud for the fabric interconnect A. The cloud here means either a LAN cloud or an appliance cloud. This issue can stop the usage of this vlan. ,major,vlan-mismatch,1470,fltFabricVlanMismatchA,fabric:Vlan
F1471, This fault typically occurs when private vlan properties of VLAN under one cloud conflicts with the private vlan properties of VLAN under another cloud for the fabric interconnect B. The cloud here means either a LAN cloud or an appliance cloud. This issue can stop the usage of this vlan. ,major,vlan-mismatch,1471,fltFabricVlanMismatchB,fabric:Vlan
F1472, This fault typically occurs when there is an error in associated primary vlan of a secondary VLAN. This issue can stop the usage of this vlan. ,major,vlan-error-assoc-primary,1472,fltFabricVlanErrorAssocPrimary,fabric:Vlan
F1494, This fault occurs when FPRM is not able to retrieve the Fusion-io life left due to an error. ,info,configuration-error,1494,fltStorageMezzFlashLifeConfigurationError,storage:MezzFlashLife
F1495, This fault occurs when the Fusion-io life left is 10 percent or less. ,warning,equipment-degraded,1495,fltStorageMezzFlashLifeDegraded,storage:MezzFlashLife
F1496, This fault occurs when the flexflash SD Cards dont match in size. ,major,equipment-unhealthy,1496,fltStorageFlexFlashControllerMismatch,storage:FlexFlashController
F1497, None set. ,major,equipment-unhealthy,1497,fltStorageFlexFlashDriveUnhealthy,storage:FlexFlashDrive
F1498, This fault occurs when the flexflash card is unhealthy. ,minor,equipment-unhealthy,1498,fltStorageFlexFlashCardUnhealthy,storage:FlexFlashCard
F1506, This fault occurs if there is an issue in Inband interface configuration. ,minor,named-inband-vlan-unresolved,1506,fltMgmtInterfaceNamedInbandVlanUnresolved,mgmt:Interface
F1507, This fault occurs if there is an issue in Inband interface configuration. ,minor,inband-unsupported-server,1507,fltMgmtInterfaceInbandUnsupportedServer,mgmt:Interface
F1508, This fault occurs if there is an issue in Inband interface configuration. ,minor,unsupported-cimc-firmware,1508,fltMgmtInterfaceInbandUnsupportedFirmware,mgmt:Interface
F1509, This fault typically occurs because Cisco FPR Manager has detected that the server has an invalid combination of Cisco VICs. ,critical,adaptor-mismatch,1509,fltComputePhysicalAdapterMismatch,compute:Physical
F1510, This fault occurs when the ACT2 chip fails. ,critical,act2-fail,1510,fltEquipmentSwitchCardAct2LiteFail,equipment:SwitchCard
F1511, None set. ,info,tpm-on-slave-board,1511,fltEquipmentTpmSlaveTpm,equipment:Tpm
F1512, None set. ,major,duplicated-assigned,1512,fltPoolElementDuplicatedAssigned,pool:Element
F1519, None set. ,warning,near-max-limit,1519,fltSwVlanPortNsResourceStatusWarning,sw:VlanPortNs
F1520, This fault occurs when the total memory on FI is less than expected. ,major,memory-error,1520,fltNetworkElementMemoryerror,network:Element
F1541," This fault occurs in an unlikely event of a Cisco FPR Manager process crash. Typically, the failed process restarts and recovers from the problem. Any pending operations are restarted after the process successfully restarts. ",critical,fprm-process-failure,1541,fltMgmtPmonEntryFPRMProcessFailure,mgmt:PmonEntry
F1545, This fault occurs when a slot is not operationally up. ,major,slot-not-responding,1545,fltSmSlotSmaHeartbeat,sm:Slot
F1546, This fault occurs when a blade discovery is failed or service profile association is failed. ,major,blade-not-working,1546,fltSmSlotBladeNotWorking,sm:Slot
F1547, This fault occurs when a blade disk formatting is failed. ,major,disk-format-failed,1547,fltSmSlotDiskFormatFailed,sm:Slot
F1548, This fault occurs during the blade swap. ,critical,blade-swap,1548,fltSmSlotBladeSwap,sm:Slot
F1568, This fault occurs when blade failed to boot up. ,major,bootup-failure,1568,fltOsControllerFailedBladeBootup,os:Controller
F1569, This fault occurs when blade failed to boot up. ,major,bootup-failure,1569,fltOsControllerFailedBootupRecovery,os:Controller
F1595, This fault typically occurs when the platform version is not set. ,critical,default-plaform-version-missing,1595,fltFirmwarePlatformPackBundleVersionMissing,firmware:PlatformPack
F1626, This fault occurs when switch configuration fails for a LogicalDevice. ,critical,switch-config-failed,1626,fltSmSecSvcSwitchConfigFail,sm:SecSvc
F1628, This fault occurs when a logical device is not configured correctly. ,major,logical-device-incomplete-configuration,1628,fltSmLogicalDeviceIncompleteConfig,sm:LogicalDevice
F1629, This fault occurs when a logical device is in a non-terminal error state. ,minor,logical-device-error,1629,fltSmLogicalDeviceLogicalDeviceError,sm:LogicalDevice
F1638, None set. ,major,bypass,1638,fltEtherFtwPortPairBypass,ether:FtwPortPair
F1661, This fault typically occurs because all Ntp configuration failed adn the system is out of sync. ,major,ntp-config-failed,1661,fltCommDateTimeCommNtpConfigurationFailed,comm:DateTime
F1671, None set. ,major,logical-device-config-error,1671,fltSmConfigIssueLogicalDeviceConfigError,sm:ConfigIssue
F1673, This fault occurs when an application meta data cannot be reloaded. ,major,app-img-corrupted,1673,fltSmAppAppImageCorrupted,sm:App
F1677, None set. ,minor,fru-problem,1677,fltEquipmentXcvrNonSupportedXcvr,equipment:Xcvr
F1679, This fault occurs when user issues the delete-all-sessions command when one of the packet capture sessions is still enabled ,warning,config-error,1679,fltFabricSspEthMonDelAllSessEnabled,fabric:SspEthMon
F1681, None set. ,major,ipsec-config-error,1681,fltIpsecConnectionIpsecConnInvalidKey,ipsec:Connection
F1682, None set. ,major,ipsec-config-error,1682,fltIpsecConnectionIpsecConnInvalidCert,ipsec:Connection
F1683, None set. ,major,ipsec-config-error,1683,fltIpsecAuthorityIpsecAuthorInvalidTp,ipsec:Authority
F1691, This fault occurs when hotfix installation fails. ,major,hotfix-install-failed,1691,fltSmHotfixHotfixInstallFailed,sm:Hotfix
F1692, This fault occurs when hotfix is in a non-terminal error state. ,minor,hotfix-error,1692,fltSmHotfixHotfixError,sm:Hotfix
F1693, None set. ,major,generic-error,1693,fltSmErrorError,sm:Error
F1694, This fault occurs when registration of device with cloud fails. ,major,cloud-registration-failed,1694,fltSmCloudConnectorCloudRegistrationFailed,sm:CloudConnector
F1695, This fault occurs when unregistration of device with cloud fails. ,major,cloud-unregistration-failed,1695,fltSmCloudConnectorCloudUnregistrationFailed,sm:CloudConnector
F1716, This fault occurs when Unsigned CSP License is installed on the system. ,major,license-installed,1716,fltSmUnsignedCspLicenseUnsignedCSPLicenseInstalled,sm:UnsignedCspLicense
F1717, This fault occurs when the vnic for this link failed to be configured. ,major,vnic-config-failed,1717,fltSdLinkVnicConfigFail,sd:Link
F1718, This fault occurs when the switch card is powered down. ,major,module-offline,1718,fltNwctrlCardConfigOffline,nwctrl:CardConfig
F1719, None set. ,critical,module-failed,1719,fltNwctrlCardConfigFailed,nwctrl:CardConfig
F1720, None set. ,critical,module-error,1720,fltNwctrlCardConfigError,nwctrl:CardConfig
F1721, None set. ,critical,module-oir-failed,1721,fltNwctrlCardConfigOirFailed,nwctrl:CardConfig
F1722, None set. ,critical,module-oir-invalid,1722,fltNwctrlCardConfigOirInvalid,nwctrl:CardConfig
F1723, None set. ,major,module-removal,1723,fltNwctrlCardConfigRemoval,nwctrl:CardConfig
F1724, None set. ,critical,module-mismatch,1724,fltNwctrlCardConfigMismatch,nwctrl:CardConfig
F1725, None set. ,critical,module-suprise-removal,1725,fltNwctrlCardConfigSupriseRemoval,nwctrl:CardConfig
F1729, None set. ,critical,adapter-boot-upgrade-required,1729,fltFirmwareRunnableAdapterUpgradeRequired,firmware:Runnable
F1732, This fault occurs when Ccl Subnet is not in default value when customization not supported by application. ,major,ccl-subnet-not-supported,1732,fltSmClusterBootstrapCclSubnetNotSupported,sm:ClusterBootstrap
F1735, This fault occurs if we could not automatically convert smAppInstance to smAppInstance2 during upgrade to Fairlop ,critical,conversion-failed,1735,fltSmAppInstanceFailedConversion,sm:AppInstance
F1736, This fault occurs when an app instance is not responding. ,major,appinstance-not-responding,1736,fltSmAppInstance2AppNotResponding,sm:AppInstance2
F1737, This fault occurs when an app instance installation fails. ,major,appinstance-install-failed,1737,fltSmAppInstance2AppInstallFailed,sm:AppInstance2
F1738, This fault occurs when an app instance start fails. ,major,appinstance-start-failed,1738,fltSmAppInstance2AppStartFailed,sm:AppInstance2
F1739, This fault occurs when an app instance updation fails. ,major,appinstance-update-failed,1739,fltSmAppInstance2AppUpdateFailed,sm:AppInstance2
F1740, This fault occurs when an app instance stop fails. ,major,appinstance-stop-failed,1740,fltSmAppInstance2AppStopFailed,sm:AppInstance2
F1741, This fault occurs when an app instance is not installed. ,major,appinstance-not-installed,1741,fltSmAppInstance2AppNotInstalled,sm:AppInstance2
F1742, This fault occurs when an app instance is in a non-terminal error state. ,minor,appinstance-error,1742,fltSmAppInstance2AppInstanceError,sm:AppInstance2
F1743, This fault occurs when an app instance is not supported in the current platform bundle ,major,appinstance-unsupported,1743,fltSmAppInstance2AppInstanceUnsupported,sm:AppInstance2
F1744, This fault occurs when this main app version is not compatible with decorator version or this decorator version is not compatible with main app version. ,major,software-version-incompatible,1744,fltSmAppInstance2SoftwareIncompatible,sm:AppInstance2
F1750," This fault occurs when the Supervisor is not able to access the persistent store of the sam.config file. Attempts at modifying the admin password, Supervisor OOB IPv4/6 addresses, DNS server, and strong password enforcement may fail. ",critical,file-missing,1750,fltNetworkElementSamconfig,network:Element
F1757," This fault occurs when AppInstance is in ""fault"" state. ",major,appinstance-fault-state,1757,fltSmAppInstance2AppFaultState,sm:AppInstance2
F1758, This fault occurs when an external-port-link has conflict with the application. ,major,external-port-link-conflict-configuration,1758,fltSmExternalPortLinkConflictConfig,sm:ExternalPortLink
F1760, This fault occurs if adapter 2 is not responding to heartbeats. ,major,adapter-2-not-responding,1760,fltSmSlotAdapter2NotResponding,sm:Slot
F1761," This fault occurs when admin state of hardware crypto is set to enabled but the instance does not support it, or there is a failure when retrieving the hardware crypto version. ",major,hardware-crypto-version-unsupported-or-failure,1761,fltSmHwCryptoHwCryptoNotOperable,sm:HwCrypto
F1762, This fault occurs when ECDSA keyring is created without elliptic-curve set. ,major,invalid-keyring-ec,1762,fltPkiKeyRingEc,pki:KeyRing
F1763, This fault occurs when registration of device with cloud fails for telemetry. ,major,telemetry-registration-failed,1763,fltCommTelemetryTelemetryRegistrationFailed,comm:Telemetry
F1764, This fault occurs when unregistration of device with cloud fails. ,major,telemetry-unregistration-failed,1764,fltCommTelemetryTelemetryUnregistrationFailed,comm:Telemetry
F1765, This fault occurs when there is a failure to get telemetry data from the application. ,major,telemetry-get-data-failed,1765,fltCommTelemetryTelemetryGetDataFailed,comm:Telemetry
F1766, This fault occurs when there is a failure to send telemetry data. ,major,telemetry-send-data-failed,1766,fltCommTelemetryTelemetrySendDataFailed,comm:Telemetry
F1767, This fault typically occurs because a password encryption key is not set on the system. The password encryption key is used for protecting credentials when a user exports the system’s configurations ,major,password-encryption-key-not-set,1767,fltAaaUserEpPasswordEncryptionKeyNotSet,aaa:UserEp
F1771, This fault occurs when vnic for internal mgmt bootstrap (in decorator case) was not allocated. ,warning,internal-mgmt-vnic-config-fail,1771,fltSdInternalMgmtBootstrapInternalMgmtVnicConfigFail,sd:InternalMgmtBootstrap
F1772, This fault occurs when vnic for ExternalLduLink was not allocated. ,warning,external-ldu-link-vnic-config-fail,1772,fltSdExternalLduLinkExternalLduLinkVnicConfigFail,sd:ExternalLduLink
F1773, This fault occurs when vnics for EndPoint1(decorator) in AppLduLink are not allocated. ,warning,app-ldu-link-endpoint1-vnic-config-fail,1773,fltSdAppLduLinkAppLduLinkEndpoint1VnicConfigFail,sd:AppLduLink
F1774, This fault occurs when vnics for EndPoint2(main app) in AppLduLink are not allocated. ,warning,app-ldu-link-endpoint2-vnic-config-fail,1774,fltSdAppLduLinkAppLduLinkEndpoint2VnicConfigFail,sd:AppLduLink
F1775, This fault occurs when vnics are not pre-allocated for native/container FTD instances. ,warning,vnic-pre-allocation-fail,1775,fltSdPreAllocatedVnicVnicPreAllocationFail,sd:PreAllocatedVnic
F1776, None set. ,major,image-version-mismatch,1776,fltFirmwareVersionIssueImageVersionMismatch,firmware:VersionIssue
F1777, This fault occurs when Cisco FPR Manager failed to decommission the blade. ,critical,decommission-fail,1777,fltFabricComputeSlotEpBladeDecommissionFail,fabric:ComputeSlotEp
F1778, None set. ,major,bypass,1778,fltEtherFtwPortPairPhyBypass,ether:FtwPortPair
F1779, None set. ,major,bypass,1779,fltEtherFtwPortPairPhyBypassErr,ether:FtwPortPair
F1780, This fault occurs if error happens when importing a configuration file ,major,config-import-failed,1780,fltMgmtImporterConfigurationImportFailed,mgmt:Importer
